Field_Champ,Position_Position,Length_Longueur,Variable_Variable,EnglishLabel_EtiquetteAnglais,FrenchLabel_EtiquetteFrancais,EnglishUniverse_UniversAnglais,FrenchUniverse_UniversFrancais,EnglishNote_NoteAnglais,FrenchNote_NoteFrancais,,mapping,Mappings,Column mappings
1,1,7,rec_num,Order of record in file,Ordre de l'observation dans le fichier,All respondents,Tous les rÈpondantes,,,,,,
,,,1-9999999,,,,,,,,,,
2,8,4,survyear,Survey year,AnnÈe d'enquÍte,All respondents,Tous les rÈpondantes,,,,,,
,,,-1976,,,,,,,,,,
3,12,2,survmnth,Survey month,Mois d'enquÍte,All respondents,Tous les rÈpondantes,,,,'SURVMNTH':,,"'SURVMNTH':{1:'January',2:'February',3:'March',4:'April',5:'May',6:'June',7:'July',8:'August',9:'September',10:'October',11:'November',12:'December'}"
,,,1,January,Janvier,,,,,,1:'January',"1:'January',2:'February',3:'March',4:'April',5:'May',6:'June',7:'July',8:'August',9:'September',10:'October',11:'November',12:'December'",
,,,2,February,FÈvrier,,,,,,2:'February',,
,,,3,March,Mars,,,,,,3:'March',,
,,,4,April,Avril,,,,,,4:'April',,
,,,5,May,Mai,,,,,,5:'May',,
,,,6,June,Juin,,,,,,6:'June',,
,,,7,July,Juillet,,,,,,7:'July',,
,,,8,August,Ao˚t,,,,,,8:'August',,
,,,9,September,Septembre,,,,,,9:'September',,
,,,10,October,Octobre,,,,,,10:'October',,
,,,11,November,Novembre,,,,,,11:'November',,
,,,12,December,DÈcembre,,,,,,12:'December',,
4,14,1, lfsstat,Labour force status,Situation d'activitÈ,All respondents,Tous les rÈpondantes,,,,' LFSSTAT':,,"' LFSSTAT':{1:'Employed, at work',2:'Employed, absent from work',3:'Unemployed',4:'Not in labour force','PROV':,10:'Newfoundland and Labrador',11:'Prince Edward Island',12:'Nova Scotia',13:'New Brunswick',24:'Quebec',35:'Ontario',46:'Manitoba'}"
,,,1,"Employed, at work","Personnes occupÈes, au travail",,,,,,"1:'Employed, at work'","1:'Employed, at work',2:'Employed, absent from work',3:'Unemployed',4:'Not in labour force','PROV':,10:'Newfoundland and Labrador',11:'Prince Edward Island',12:'Nova Scotia',13:'New Brunswick',24:'Quebec',35:'Ontario',46:'Manitoba'","1:'Employed, at work',2:'Employed, absent from work',3:'Unemployed',4:'Not in labour force','PROV':,10:'Newfoundland and Labrador',11:'Prince Edward Island',12:'Nova Scotia',13:'New Brunswick',24:'Quebec',35:'Ontario',46:'Manitoba',10:'Newfoundland and Labrador',11:'Prince Edward Island',12:'Nova Scotia',13:'New Brunswick',24:'Quebec',35:'Ontario',46:'Manitoba',47:'Saskatchewan',48:'Alberta',59:'British Columbia'"
,,,2,"Employed, absent from work","Personnes occupÈes, absentes du travail",,,,,,"2:'Employed, absent from work'",,
,,,3,Unemployed,ChÙmeurs,,,,,,3:'Unemployed',,
,,,4,Not in labour force,Inactifs,,,,,,4:'Not in labour force',,
5,15,2,prov,Province,Province,All respondents,Tous les rÈpondantes,,,,'PROV':,,"'PROV':{10:'Newfoundland and Labrador',11:'Prince Edward Island',12:'Nova Scotia',13:'New Brunswick',24:'Quebec',35:'Ontario',46:'Manitoba',47:'Saskatchewan',48:'Alberta',59:'British Columbia'}"
,,,10,Newfoundland and Labrador,Terre-Neuve-et-Labrador,,,,,,10:'Newfoundland and Labrador',"10:'Newfoundland and Labrador',11:'Prince Edward Island',12:'Nova Scotia',13:'New Brunswick',24:'Quebec',35:'Ontario',46:'Manitoba',47:'Saskatchewan',48:'Alberta',59:'British Columbia'",
,,,11,Prince Edward Island,Œle-du-Prince-…douard,,,,,,11:'Prince Edward Island',,
,,,12,Nova Scotia,Nouvelle-…cosse,,,,,,12:'Nova Scotia',,
,,,13,New Brunswick,Nouveau-Brunswick,,,,,,13:'New Brunswick',,
,,,24,Quebec,QuÈbec,,,,,,24:'Quebec',,
,,,35,Ontario,Ontario,,,,,,35:'Ontario',,
,,,46,Manitoba,Manitoba,,,,,,46:'Manitoba',,
,,,47,Saskatchewan,Saskatchewan,,,,,,47:'Saskatchewan',,
,,,48,Alberta,Alberta,,,,,,48:'Alberta',,
,,,59,British Columbia,Colombie-Britannique,,,,,,59:'British Columbia',,
6,17,1,cma,Nine largest CMAs,Neuf plus grandes RMR,All respondents,Tous les rÈpondantes,,,,'CMA':,,"'CMA':{1:'QuÈbec',2:'MontrÈal',3:'OttawañGatineau (Ontario part)',4:'Toronto',5:'Hamilton',6:'Winnipeg',7:'Calgary',8:'Edmonton',9:'Vancouver',0:'Other CMA or non-CMA'}"
,,,1,QuÈbec,QuÈbec,,,,,,1:'QuÈbec',"1:'QuÈbec',2:'MontrÈal',3:'OttawañGatineau (Ontario part)',4:'Toronto',5:'Hamilton',6:'Winnipeg',7:'Calgary',8:'Edmonton',9:'Vancouver',0:'Other CMA or non-CMA'",
,,,2,MontrÈal,MontrÈal,,,,,,2:'MontrÈal',,
,,,3,OttawañGatineau (Ontario part),OttawañGatineau (partie de líOntario),,,,,,3:'OttawañGatineau (Ontario part)',,
,,,4,Toronto,Toronto,,,,,,4:'Toronto',,
,,,5,Hamilton,Hamilton,,,,,,5:'Hamilton',,
,,,6,Winnipeg,Winnipeg,,,,,,6:'Winnipeg',,
,,,7,Calgary,Calgary,,,,,,7:'Calgary',,
,,,8,Edmonton,Edmonton,,,,,,8:'Edmonton',,
,,,9,Vancouver,Vancouver,,,,,,9:'Vancouver',,
,,,0,Other CMA or non-CMA,Autres RMR ou non-RMR,,,,,,0:'Other CMA or non-CMA',,
7,18,2,age_12,Five-year age group of respondent,L'‚ge du rÈpondant (groupes de 5 ans),All respondents,Tous les rÈpondantes,,,,'AGE_12':,,"'AGE_12':{1:'15 to 19 years',2:'20 to 24 years',3:'25 to 29 years',4:'30 to 34 years',5:'35 to 39 years',6:'40 to 44 years',7:'45 to 49 years',8:'50 to 54 years',9:'55 to 59 years',10:'60 to 64 years',11:'65 to 69 years',12:'70 and over'}"
,,,1,15 to 19 years,15 ‡ 19 ans,,,,,,1:'15 to 19 years',"1:'15 to 19 years',2:'20 to 24 years',3:'25 to 29 years',4:'30 to 34 years',5:'35 to 39 years',6:'40 to 44 years',7:'45 to 49 years',8:'50 to 54 years',9:'55 to 59 years',10:'60 to 64 years',11:'65 to 69 years',12:'70 and over'",
,,,2,20 to 24 years,20 ‡ 24 ans,,,,,,2:'20 to 24 years',,
,,,3,25 to 29 years,25 ‡ 29 ans,,,,,,3:'25 to 29 years',,
,,,4,30 to 34 years,30 ‡ 34 ans,,,,,,4:'30 to 34 years',,
,,,5,35 to 39 years,35 ‡ 39 ans,,,,,,5:'35 to 39 years',,
,,,6,40 to 44 years,40 ‡ 44 ans,,,,,,6:'40 to 44 years',,
,,,7,45 to 49 years,45 ‡ 49 ans,,,,,,7:'45 to 49 years',,
,,,8,50 to 54 years,50 ‡ 54 ans,,,,,,8:'50 to 54 years',,
,,,9,55 to 59 years,55 ‡ 59 ans,,,,,,9:'55 to 59 years',,
,,,10,60 to 64 years,60 ‡ 64 ans,,,,,,10:'60 to 64 years',,
,,,11,65 to 69 years,65 ‡ 69 ans,,,,,,11:'65 to 69 years',,
,,,12,70 and over,70 et plus,,,,,,12:'70 and over',,
8,20,1,age_6    ,"Age in 2 and 3 year groups, 15 to 29",L'‚ge des personnes de 15 ‡ 29 ans (groupes de 2 et 3 ans),Respondents aged 15 to 29 years,Les rÈpondants ‚gÈs de 15 ‡ 29†ans ,,,,'AGE_6    ':,,"'AGE_6    ':{1:'15 to 16 years',2:'17 to 19 years',3:'20 to 21 years',4:'22 to 24 years',5:'25 to 26 years',6:'27 to 29 years',blank:'Not applicable'}"
,,,1,15 to 16 years,15 ‡ 16 ans,,,,,,1:'15 to 16 years',"1:'15 to 16 years',2:'17 to 19 years',3:'20 to 21 years',4:'22 to 24 years',5:'25 to 26 years',6:'27 to 29 years',blank:'Not applicable'",
,,,2,17 to 19 years,17 ‡ 19 ans,,,,,,2:'17 to 19 years',,
,,,3,20 to 21 years,20 ‡ 21 ans,,,,,,3:'20 to 21 years',,
,,,4,22 to 24 years,22 ‡ 24 ans,,,,,,4:'22 to 24 years',,
,,,5,25 to 26 years,25 ‡ 26 ans,,,,,,5:'25 to 26 years',,
,,,6,27 to 29 years,27 ‡ 29 ans,,,,,,6:'27 to 29 years',,
,,,blank,Not applicable,Indisponible,,,,,,blank:'Not applicable',,
9,21,1,sex,Sex of respondent,Sexe du rÈpondant,All respondents,Tous les rÈpondantes,,,,'SEX':,,"'SEX':{1:'Male',2:'Female'}"
,,,1,Male,Hommes,,,,,,1:'Male',"1:'Male',2:'Female'",
,,,2,Female,Femmes,,,,,,2:'Female',,
10,22,1,marstat,Marital status of respondent,…tat matrimonial du rÈpondant,All respondents,Tous les rÈpondantes,,,,'MARSTAT':,,"'MARSTAT':{1:'Married',2:'Living in common-law',3:'Widowed',4:'Separated',5:'Divorced',6:'Single, never married'}"
,,,1,Married,MariÈ(e)s,,,,,,1:'Married',"1:'Married',2:'Living in common-law',3:'Widowed',4:'Separated',5:'Divorced',6:'Single, never married'",
,,,2,Living in common-law,Vivant en union libre,,,,,,2:'Living in common-law',,
,,,3,Widowed,Veuf(ve)s,,,,,,3:'Widowed',,
,,,4,Separated,SÈparÈ(e)s,,,,,,4:'Separated',,
,,,5,Divorced,DivorcÈ(e)s,,,,,,5:'Divorced',,
,,,6,"Single, never married","CÈlibataires, n'ont jamais mariÈ(e)s",,,,,,"6:'Single, never married'",,
11,24,1,educ,Highest educational attainment,Plus haut niveau de scolaritÈ atteint,All respondents,Tous les rÈpondantes,,,,'EDUC':,,"'EDUC':{0:'0 to 8 years',1:'Some high school',2:'High school graduate',3:'Some postsecondary',4:'Postsecondary certificate or diploma',5:'Bachelor's degree',6:'Above bachelor's degree'}"
,,,0,0 to 8 years,0 ‡ 8 annÈes,,,,,,0:'0 to 8 years',"0:'0 to 8 years',1:'Some high school',2:'High school graduate',3:'Some postsecondary',4:'Postsecondary certificate or diploma',5:'Bachelor's degree',6:'Above bachelor's degree'",
,,,1,Some high school,…tudes secondaires partielles,,,,,,1:'Some high school',,
,,,2,High school graduate,…tudes secondaires complÈtÈes,,,,,,2:'High school graduate',,
,,,3,Some postsecondary,…tudes postsecondaires partielles,,,,,,3:'Some postsecondary',,
,,,4,Postsecondary certificate or diploma,DiplÙme ou certificat d'Ètudes postsecondaires,,,,,,4:'Postsecondary certificate or diploma',,
,,,5,Bachelor's degree,BaccalaurÈat,,,,,,5:'Bachelor's degree',,
,,,6,Above bachelor's degree,DiplÙme ou certificat universitaire supÈrieur au baccalaurÈat,,,,,,6:'Above bachelor's degree',,
12,25,1,mjh,Single or multiple jobholder,Personnes ayant un emploi ou plus d'un emploi,Currently employed only,PrÈsentement occupÈ seulement,,,,'MJH':,,"'MJH':{1:'Single jobholder, including job changers',2:'Multiple jobholder',blank:'Not applicable','EVERWORK':,1:'Yes, within last year',2:'Yes, more than 1 year ago',3:'No, never worked',blank:'Not applicable'}"
,,,1,"Single jobholder, including job changers","Personnes ayant un emploi, incluant ceux ayant changÈ d'emploi",,,,,,"1:'Single jobholder, including job changers'","1:'Single jobholder, including job changers',2:'Multiple jobholder',blank:'Not applicable','EVERWORK':,1:'Yes, within last year',2:'Yes, more than 1 year ago',3:'No, never worked',blank:'Not applicable'",
,,,2,Multiple jobholder,Personnes ayant plus d'un emploi,,,,,,2:'Multiple jobholder',,
,,,blank,Not applicable,Indisponible,,,,,,blank:'Not applicable',,
13,26,1,everwork,Identifies if a person has worked in the last year,Indique si une personne a travaillÈ au cours de la derniËre annÈe,Not currently employed,Ne travaillent pas prÈsentement,,,,'EVERWORK':,,"'EVERWORK':{1:'Yes, within last year',2:'Yes, more than 1 year ago',3:'No, never worked'}"
,,,1,"Yes, within last year","Oui, au cours de la derniËre annÈe",,,,,,"1:'Yes, within last year'","1:'Yes, within last year',2:'Yes, more than 1 year ago',3:'No, never worked'",
,,,2,"Yes, more than 1 year ago","Oui, il y a plus d'un an",,,,,,"2:'Yes, more than 1 year ago'",,
,,,3,"No, never worked","Non, n'ont jamais travaillÈ",,,,,,"3:'No, never worked'",,
,,,blank,Not applicable,Indisponible,,,,,,blank:'Not applicable',,
14,27,1,ftptlast,Full- or part-time status of last job,"Situation du dernier emploi, temps plein ou temps partiel",Not currently employed but worked within the previous twelve months,Pas actuellement en emploi mais a travaillÈ au cours des douze derniers mois,,,,'FTPTLAST':,,"'FTPTLAST':{1:'Full-time (30 hours or more)',2:'Part-time (1 to 29 hours)',blank:'Not applicable','COWMAIN':,1:'Public sector employees',2:'Private sector employees',3:'Self-employed incorporated, with paid help',4:'Self-employed incorporated, no paid help',5:'Self-employed unincorporated, with paid help',6:'Self-employed unincorporated, no paid help',7:'Unpaid family worker',blank:'Not applicable'}"
,,,1,Full-time (30 hours or more),Temps plein (30 heures ou plius),,,,,,1:'Full-time (30 hours or more)',"1:'Full-time (30 hours or more)',2:'Part-time (1 to 29 hours)',blank:'Not applicable','COWMAIN':,1:'Public sector employees',2:'Private sector employees',3:'Self-employed incorporated, with paid help',4:'Self-employed incorporated, no paid help',5:'Self-employed unincorporated, with paid help',6:'Self-employed unincorporated, no paid help',7:'Unpaid family worker',blank:'Not applicable'",
,,,2,Part-time (1 to 29 hours),Temps partiel (1‡ 29 heures),,,,,,2:'Part-time (1 to 29 hours)',,
,,,blank,Not applicable,Indisponible,,,,,,blank:'Not applicable',,
15,28,1,cowmain,"Class of worker, main job","CatÈgorie de travailleur, emploi principal",Currently employed or worked within the past 12 months,PrÈsentement occupÈ ou travaillÈ au cours des 12 derniers mois,,,,'COWMAIN':,,"'COWMAIN':{1:'Public sector employees',2:'Private sector employees',3:'Self-employed incorporated, with paid help',4:'Self-employed incorporated, no paid help',5:'Self-employed unincorporated, with paid help',6:'Self-employed unincorporated, no paid help',7:'Unpaid family worker'}"
,,,1,Public sector employees,EmployÈs du secteur public,,,,,,1:'Public sector employees',"1:'Public sector employees',2:'Private sector employees',3:'Self-employed incorporated, with paid help',4:'Self-employed incorporated, no paid help',5:'Self-employed unincorporated, with paid help',6:'Self-employed unincorporated, no paid help',7:'Unpaid family worker'",
,,,2,Private sector employees,EmployÈs du secteur privÈ,,,,,,2:'Private sector employees',,
,,,3,"Self-employed incorporated, with paid help","Entreprise constituÈe en sociÈtÈ, avec aide rÈmunÈrÈe",,,,,,"3:'Self-employed incorporated, with paid help'",,
,,,4,"Self-employed incorporated, no paid help","Entreprise constituÈe en sociÈtÈ, sans aide rÈmunÈrÈe",,,,,,"4:'Self-employed incorporated, no paid help'",,
,,,5,"Self-employed unincorporated, with paid help","Entreprise non constituÈe en sociÈtÈ, avec aide rÈmunÈrÈe",,,,,,"5:'Self-employed unincorporated, with paid help'",,
,,,6,"Self-employed unincorporated, no paid help","Entreprise non constituÈe en sociÈtÈ, sans aide rÈmunÈrÈe",,,,,,"6:'Self-employed unincorporated, no paid help'",,
,,,7,Unpaid family worker,Travailleurs familiaux non rÈmunÈrÈs,,,,,,7:'Unpaid family worker',,
,,,blank,Not applicable,Indisponible,,,,,,blank:'Not applicable',,
16,29,1,immig,Immigrant status,Statut d'immigrant,All respondents,Tous les rÈpondantes,,,,'IMMIG':,,"'IMMIG':{1:'Immigrant, landed 10 or less years earlier',2:'Immigrant, landed more than 10 years earlier',3:'Non-immigrant'}"
,,,1,"Immigrant, landed 10 or less years earlier",Immigrants reÁus 10 ans et moins auparavant,,,,,,"1:'Immigrant, landed 10 or less years earlier'","1:'Immigrant, landed 10 or less years earlier',2:'Immigrant, landed more than 10 years earlier',3:'Non-immigrant'",
,,,2,"Immigrant, landed more than 10 years earlier",Immigrants reÁus plus de 10 ans auparavant,,,,,,"2:'Immigrant, landed more than 10 years earlier'",,
,,,3,Non-immigrant,Non immigrant,,,,,,3:'Non-immigrant',,
17,33,2,naics_21,Industry of main job,Industrie de l'emploi principal ,Currently employed or worked within the past 12 months,PrÈsentement occupÈ ou travaillÈ au cours des 12 derniers mois,Codes based on NAICS 2017 labour variant,Codes selon le SCIAN 2017 - variante de la population active,,'NAICS_21':,,"'NAICS_21':{1:'Agriculture',2:'Forestry and logging and support activities for forestry',3:'Fishing, hunting and trapping',4:'Mining, quarrying, and oil and gas extraction',5:'Utilities',6:'Construction',7:'Manufacturing - durable goods',8:'Manufacturing - non-durable goods',9:'Wholesale trade',10:'Retail trade',11:'Transportation and warehousing',12:'Finance and insurance',13:'Real estate and rental and leasing',14:'Professional, scientific and technical services',15:'Business, building and other support services',16:'Educational services',17:'Health care and social assistance',18:'Information, culture and recreation',19:'Accommodation and food services',20:'Other services (except public administration)',21:'Public administration',blank:'Not applicable'}"
,,,1,Agriculture,Agriculture,,,"111-112, 1100, 1151-1152","111-112, 1100, 1151-1152",,1:'Agriculture',"1:'Agriculture',2:'Forestry and logging and support activities for forestry',3:'Fishing, hunting and trapping',4:'Mining, quarrying, and oil and gas extraction',5:'Utilities',6:'Construction',7:'Manufacturing - durable goods',8:'Manufacturing - non-durable goods',9:'Wholesale trade',10:'Retail trade',11:'Transportation and warehousing',12:'Finance and insurance',13:'Real estate and rental and leasing',14:'Professional, scientific and technical services',15:'Business, building and other support services',16:'Educational services',17:'Health care and social assistance',18:'Information, culture and recreation',19:'Accommodation and food services',20:'Other services (except public administration)',21:'Public administration',blank:'Not applicable'",
,,,2,Forestry and logging and support activities for forestry,Foresterie et exploitation forestiËre et activitÈs de soutien ‡ la foresterie,,,"113, 1153","113, 1153",,2:'Forestry and logging and support activities for forestry',,
,,,3,"Fishing, hunting and trapping","PÍche, chasse et piÈgeage",,,114,114,,"3:'Fishing, hunting and trapping'",,
,,,4,"Mining, quarrying, and oil and gas extraction","Extraction miniËre, exploitation en carriËre, et extraction de pÈtrole et de gaz",,,"21, 2100","21, 2100",,"4:'Mining, quarrying, and oil and gas extraction'",,
,,,5,Utilities,Services publics,,,22,22,,5:'Utilities',,
,,,6,Construction,Construction,,,23,23,,6:'Construction',,
,,,7,Manufacturing - durable goods,Fabrication de biens durables,,,"321, 327, 331-337","321, 327, 331-337",,7:'Manufacturing - durable goods',,
,,,8,Manufacturing - non-durable goods,Fabrication de biens non durables,,,"311-316, 322-326, 339","311-316, 322-326, 339",,8:'Manufacturing - non-durable goods',,
,,,9,Wholesale trade,Commerce de gros ,,,41,41,,9:'Wholesale trade',,
,,,10,Retail trade,Commerce de dÈtail,,,44-45,44-45,,10:'Retail trade',,
,,,11,Transportation and warehousing,Transport et entreposage ,,,48-49,48-49,,11:'Transportation and warehousing',,
,,,12,Finance and insurance,Finances et assurances,,,52,52,,12:'Finance and insurance',,
,,,13,Real estate and rental and leasing,Services immobiliers et services de location et de location ‡ bail,,,53,53,,13:'Real estate and rental and leasing',,
,,,14,"Professional, scientific and technical services","Services professionnels, scientifiques et techniques",,,54,54,,"14:'Professional, scientific and technical services'",,
,,,15,"Business, building and other support services","Services aux entreprises, services relatifs aux b‚timents et autres services de soutien",,,55-56,55-56,,"15:'Business, building and other support services'",,
,,,16,Educational services,Services d'enseignement,,,61,61,,16:'Educational services',,
,,,17,Health care and social assistance,Soins de santÈ et assistance sociale,,,62,62,,17:'Health care and social assistance',,
,,,18,"Information, culture and recreation","Information, culture et loisirs",,,"51, 71","51, 71",,"18:'Information, culture and recreation'",,
,,,19,Accommodation and food services,HÈbergement et services de restauration,,,72,72,,19:'Accommodation and food services',,
,,,20,Other services (except public administration),Autres services (sauf les administrations publiques),,,81,81,,20:'Other services (except public administration)',,
,,,21,Public administration,Administrations publiques,,,91,91,,21:'Public administration',,
,,,blank,Not applicable,Indisponible,,,,,,blank:'Not applicable',,
18,41,2,noc_10    ,Occupation at main job,Profession ‡ l'emploi principal,Currently employed or worked within the past 12 months,PrÈsentement occupÈ ou travaillÈ au cours des 12 derniers mois,Codes based on NOC 2021 labour variant,Codes selon le CNP 2021 variante de la population active,,'NOC_10    ':,,"'NOC_10    ':{1:'Management occupations',2:'Business, finance and administration occupations, except management',3:'Natural and applied sciences and related occupations, except management',4:'Health occupations, except management',5:'Occupations in education, law and social, community and government services, except management',6:'Occupations in art, culture, recreation and sport, except management',7:'Sales and service occupations, except management',8:'Trades, transport and equipment operators and related occupations, except management',9:'Natural resources, agriculture and related production occupations, except management',10:'Occupations in manufacturing and utilities, except management',blank:'Not applicable'}"
,,,1,Management occupations,Gestion,,,"00, 10, 20, 30, 40, 50, 60, 70, 80, 90","00, 10, 20, 30, 40, 50, 60, 70, 80, 90",,1:'Management occupations',"1:'Management occupations',2:'Business, finance and administration occupations, except management',3:'Natural and applied sciences and related occupations, except management',4:'Health occupations, except management',5:'Occupations in education, law and social, community and government services, except management',6:'Occupations in art, culture, recreation and sport, except management',7:'Sales and service occupations, except management',8:'Trades, transport and equipment operators and related occupations, except management',9:'Natural resources, agriculture and related production occupations, except management',10:'Occupations in manufacturing and utilities, except management',blank:'Not applicable'",
,,,2,"Business, finance and administration occupations, except management","Affaires, finance et administration, sauf les gestionnaires",,,14-Nov,14-Nov,,"2:'Business, finance and administration occupations, except management'",,
,,,3,"Natural and applied sciences and related occupations, except management","Sciences naturelles et appliquÈes et domaines apparentÈs, sauf les gestionnaires",,,21-22,21-22,,"3:'Natural and applied sciences and related occupations, except management'",,
,,,4,"Health occupations, except management","Secteur de la santÈ, sauf les gestionnaires",,,31-33,31-33,,"4:'Health occupations, except management'",,
,,,5,"Occupations in education, law and social, community and government services, except management","Enseignement, droit et services sociaux, communautaires et gouvernementaux, sauf les gestionnaires",,,41-45,41-45,,"5:'Occupations in education, law and social, community and government services, except management'",,
,,,6,"Occupations in art, culture, recreation and sport, except management","Arts, culture, sports et loisirs, sauf les gestionnaires",,,51-55,51-55,,"6:'Occupations in art, culture, recreation and sport, except management'",,
,,,7,"Sales and service occupations, except management","Vente et services, sauf les gestionnaires",,,62-65,62-65,,"7:'Sales and service occupations, except management'",,
,,,8,"Trades, transport and equipment operators and related occupations, except management","MÈtiers, transport, machinerie et domaines apparentÈs, sauf les gestionnaires",,,72-75,72-75,,"8:'Trades, transport and equipment operators and related occupations, except management'",,
,,,9,"Natural resources, agriculture and related production occupations, except management","Ressources naturelles, agriculture et production connexe, sauf les gestionnaires",,,82-85,82-85,,"9:'Natural resources, agriculture and related production occupations, except management'",,
,,,10,"Occupations in manufacturing and utilities, except management","Fabrication et services d'utilitÈ publique, sauf les gestionnaires",,,92-95,92-95,,"10:'Occupations in manufacturing and utilities, except management'",,
,,,blank,Not applicable,Indisponible,,,,,,blank:'Not applicable',,
19,43,2,noc_43,Occupation at main job,Profession ‡ l'emploi principal,Currently employed or worked within the past 12 months,PrÈsentement occupÈ ou travaillÈ au cours des 12 derniers mois,Codes based on NOC 2021 labour variant,Codes selon le CNP 2021 variante de la population active,,'NOC_43':,,"'NOC_43':{1:'Legislative and senior management occupations',2:'Specialized middle management occupations',3:'Middle management occupations in retail and wholesale trade and customer services',4:'Middle management occupations in trades, transportation, production and utilities',5:'Professional occupations in finance',6:'Professional occupations in business',7:'Administrative and financial supervisors and specialized administrative occupations',8:'Administrative occupations and transportation logistics occupations',9:'Administrative and financial support and supply chain logistics occupations',10:'Professional occupations in natural sciences',11:'Professional occupations in applied sciences (except engineering)',12:'Professional occupations in engineering',13:'Technical occupations related to natural and applied sciences',14:'Health treating and consultation services professionals',15:'Therapy and assessment professionals',16:'Nursing and allied health professionals',17:'Technical occupations in health',18:'Assisting occupations in support of health services',19:'Professional occupations in law',20:'Professional occupations in education services',21:'Professional occupations in social and community services',22:'Professional occupations in government services',23:'Occupations in front-line public protection services',24:'Paraprofessional occupations in legal, social, community and education services',25:'Assisting occupations in education and in legal and public protection',26:'Care providers and public protection support occupations and student monitors, crossing guards and related occupations',27:'Professional occupations in art and culture',28:'Technical occupations in art, culture and sport',29:'Occupations in art, culture and sport',30:'Support occupations in art, culture and sport',31:'Retail sales and service supervisors and specialized occupations in sales and services',32:'Occupations in sales and services',33:'Sales and service representatives and other customer and personal services occupations',34:'Sales and service support occupations',35:'Technical trades and transportation officers and controllers',36:'General trades',37:'Mail and message distribution, other transport equipment operators and related maintenance workers',38:'Helpers and labourers and other transport drivers, operators and labourers',39:'Supervisors and occupations in natural resources, agriculture and related production',40:'Workers and labourers in natural resources, agriculture and related production',41:'Supervisors, central control and process operators in processing, manufacturing and utilities and aircraft assemblers and inspectors',42:'Machine operators, assemblers and inspectors in processing, manufacturing and printing',43:'Labourers in processing, manufacturing and utilities',blank:'Not applicable'}"
,,,1,Legislative and senior management occupations,Membres des corps lÈgislatifs et cadres supÈrieurs/cadres supÈrieures,,,0,0,,1:'Legislative and senior management occupations',"1:'Legislative and senior management occupations',2:'Specialized middle management occupations',3:'Middle management occupations in retail and wholesale trade and customer services',4:'Middle management occupations in trades, transportation, production and utilities',5:'Professional occupations in finance',6:'Professional occupations in business',7:'Administrative and financial supervisors and specialized administrative occupations',8:'Administrative occupations and transportation logistics occupations',9:'Administrative and financial support and supply chain logistics occupations',10:'Professional occupations in natural sciences',11:'Professional occupations in applied sciences (except engineering)',12:'Professional occupations in engineering',13:'Technical occupations related to natural and applied sciences',14:'Health treating and consultation services professionals',15:'Therapy and assessment professionals',16:'Nursing and allied health professionals',17:'Technical occupations in health',18:'Assisting occupations in support of health services',19:'Professional occupations in law',20:'Professional occupations in education services',21:'Professional occupations in social and community services',22:'Professional occupations in government services',23:'Occupations in front-line public protection services',24:'Paraprofessional occupations in legal, social, community and education services',25:'Assisting occupations in education and in legal and public protection',26:'Care providers and public protection support occupations and student monitors, crossing guards and related occupations',27:'Professional occupations in art and culture',28:'Technical occupations in art, culture and sport',29:'Occupations in art, culture and sport',30:'Support occupations in art, culture and sport',31:'Retail sales and service supervisors and specialized occupations in sales and services',32:'Occupations in sales and services',33:'Sales and service representatives and other customer and personal services occupations',34:'Sales and service support occupations',35:'Technical trades and transportation officers and controllers',36:'General trades',37:'Mail and message distribution, other transport equipment operators and related maintenance workers',38:'Helpers and labourers and other transport drivers, operators and labourers',39:'Supervisors and occupations in natural resources, agriculture and related production',40:'Workers and labourers in natural resources, agriculture and related production',41:'Supervisors, central control and process operators in processing, manufacturing and utilities and aircraft assemblers and inspectors',42:'Machine operators, assemblers and inspectors in processing, manufacturing and printing',43:'Labourers in processing, manufacturing and utilities',blank:'Not applicable'",
,,,2,Specialized middle management occupations,Cadres intermÈdiaires spÈcialisÈs/cadres intermÈdiaires spÈcialisÈes,,,"10, 20, 30, 40, 50","10, 20, 30, 40, 50",,2:'Specialized middle management occupations',,
,,,3,Middle management occupations in retail and wholesale trade and customer services,"Cadres intermÈdiaires dans le commerce de dÈtail, de gros et des services ‡ la clientËle",,,60,60,,3:'Middle management occupations in retail and wholesale trade and customer services',,
,,,4,"Middle management occupations in trades, transportation, production and utilities","Cadres intermÈdiaires des mÈtiers, des transports, de la production et des services d'utilitÈ publique",,,"70, 80, 90","70, 80, 90",,"4:'Middle management occupations in trades, transportation, production and utilities'",,
,,,5,Professional occupations in finance,Personnel professionnel en finance,,,111,111,,5:'Professional occupations in finance',,
,,,6,Professional occupations in business,Personnel professionnel en gestion des affaires,,,112,112,,6:'Professional occupations in business',,
,,,7,Administrative and financial supervisors and specialized administrative occupations,Personnel de supervision du travail administratif et financier et personnel administratif spÈcialisÈs,,,12,12,,7:'Administrative and financial supervisors and specialized administrative occupations',,
,,,8,Administrative occupations and transportation logistics occupations,Personnel administratif et personnel de la logistique du transport,,,13,13,,8:'Administrative occupations and transportation logistics occupations',,
,,,9,Administrative and financial support and supply chain logistics occupations,Personnel de soutien administratif et finance et en logistiques de chaÓne d'approvisionnement,,,14,14,,9:'Administrative and financial support and supply chain logistics occupations',,
,,,10,Professional occupations in natural sciences,Personnel professionnel des sciences naturelles,,,211,211,,10:'Professional occupations in natural sciences',,
,,,11,Professional occupations in applied sciences (except engineering),Personnel professionnel des sciences appliquÈes (sauf ingÈnierie),,,212,212,,11:'Professional occupations in applied sciences (except engineering)',,
,,,12,Professional occupations in engineering,Personnel professionnel en ingÈnierie,,,213,213,,12:'Professional occupations in engineering',,
,,,13,Technical occupations related to natural and applied sciences,Personnel technique assimilÈ aux sciences naturelles et appliquÈes,,,22,22,,13:'Technical occupations related to natural and applied sciences',,
,,,14,Health treating and consultation services professionals,Professionnels des soins de santÈ et des services de consultation,,,311,311,,14:'Health treating and consultation services professionals',,
,,,15,Therapy and assessment professionals,Professionnels/professionnelles en thÈrapie et en Èvaluation,,,312,312,,15:'Therapy and assessment professionals',,
,,,16,Nursing and allied health professionals,Professionnels des soins infirmiers et paramÈdicaux,,,313,313,,16:'Nursing and allied health professionals',,
,,,17,Technical occupations in health,Personnel technique des soins de santÈ,,,32,32,,17:'Technical occupations in health',,
,,,18,Assisting occupations in support of health services,Personnel de soutien des services de santÈ,,,33,33,,18:'Assisting occupations in support of health services',,
,,,19,Professional occupations in law,Personnel professionnel du droit,,,411,411,,19:'Professional occupations in law',,
,,,20,Professional occupations in education services,Personnel professionnel en services d'enseignement,,,412,412,,20:'Professional occupations in education services',,
,,,21,Professional occupations in social and community services,Personnel professionnel des services sociaux et communautaires,,,413,413,,21:'Professional occupations in social and community services',,
,,,22,Professional occupations in government services,Personnel professionnel des services gouvernementaux,,,414,414,,22:'Professional occupations in government services',,
,,,23,Occupations in front-line public protection services,Personnel des services de protection publique de premiËre ligne,,,421,421,,23:'Occupations in front-line public protection services',,
,,,24,"Paraprofessional occupations in legal, social, community and education services","Personnel paraprofessionnel des services juridiques, sociaux, communautaires et de l'enseignement",,,422,422,,"24:'Paraprofessional occupations in legal, social, community and education services'",,
,,,25,Assisting occupations in education and in legal and public protection,Personnel de soutien en Èducation et en protection juridique et publique,,,43,43,,25:'Assisting occupations in education and in legal and public protection',,
,,,26,"Care providers and public protection support occupations and student monitors, crossing guards and related occupations","Prestataires de soins et personnel de soutien de juridique et de la protection du public et Surveillants/surveillantes d'ÈlËves, brigadiers/brigadiËres et autres professions connexes",,,44-45,44-45,,"26:'Care providers and public protection support occupations and student monitors, crossing guards and related occupations'",,
,,,27,Professional occupations in art and culture,Personnel professionnel des arts et de la culture,,,51,51,,27:'Professional occupations in art and culture',,
,,,28,"Technical occupations in art, culture and sport","Personnel technique des arts, de la culture et des sports",,,52,52,,"28:'Technical occupations in art, culture and sport'",,
,,,29,"Occupations in art, culture and sport","Personnel des arts, de la culture et des sports",,,53,53,,"29:'Occupations in art, culture and sport'",,
,,,30,"Support occupations in art, culture and sport","Personnel de soutien des arts, de la culture et des sports",,,54-55,54-55,,"30:'Support occupations in art, culture and sport'",,
,,,31,Retail sales and service supervisors and specialized occupations in sales and services,Personnel de supervision des ventes au dÈtail et des services et personnel des ventes et des services spÈcialisÈs,,,62,62,,31:'Retail sales and service supervisors and specialized occupations in sales and services',,
,,,32,Occupations in sales and services,Personnel des ventes et des services,,,63,63,,32:'Occupations in sales and services',,
,,,33,Sales and service representatives and other customer and personal services occupations,ReprÈsentants/reprÈsentantes des ventes et du service et autres professions des services ‡ la clientËle et personnels,,,64,64,,33:'Sales and service representatives and other customer and personal services occupations',,
,,,34,Sales and service support occupations,Personnel de soutien aux ventes et services,,,65,65,,34:'Sales and service support occupations',,
,,,35,Technical trades and transportation officers and controllers,Officiers/officiËres et contrÙleurs/contrÙleuses des mÈtiers techniques et des transports,,,72,72,,35:'Technical trades and transportation officers and controllers',,
,,,36,General trades,MÈtiers gÈnÈraux,,,73,73,,36:'General trades',,
,,,37,"Mail and message distribution, other transport equipment operators and related maintenance workers","Personnel au courrier et ‡ la distribution de messages, autres conducteurs/conductrices de matÈriel de transport et personnel d'entretien assimilÈ",,,74,74,,"37:'Mail and message distribution, other transport equipment operators and related maintenance workers'",,
,,,38,"Helpers and labourers and other transport drivers, operators and labourers",Aides et ouvriers/ouvriËres et autres opÈrateurs/opÈratrices et manoeuvres de transport et personnel assimilÈ,,,75,75,,"38:'Helpers and labourers and other transport drivers, operators and labourers'",,
,,,39,"Supervisors and occupations in natural resources, agriculture and related production","Superviseurs/superviseures et personnel en ressources naturelles, en agriculture et en production connexe",,,82-83,82-83,,"39:'Supervisors and occupations in natural resources, agriculture and related production'",,
,,,40,"Workers and labourers in natural resources, agriculture and related production","Travailleurs/travailleuses et manoeuvres ‡ la rÈcolte, en amÈnagement paysager, en ressources naturelles, en agriculture et en production connexe",,,84-85,84-85,,"40:'Workers and labourers in natural resources, agriculture and related production'",,
,,,41,"Supervisors, central control and process operators in processing, manufacturing and utilities and aircraft assemblers and inspectors","Personnel de supervision, opÈrateurs/opÈratrices de poste central de contrÙle dans la transformation, la fabrication et les services d'utilitÈ publique et monteurs/monteuses et inspecteurs/inspectrices de montage d'aÈronefs",,,92-93,92-93,,"41:'Supervisors, central control and process operators in processing, manufacturing and utilities and aircraft assemblers and inspectors'",,
,,,42,"Machine operators, assemblers and inspectors in processing, manufacturing and printing","OpÈrateurs/opÈratrices de machines, monteurs/monteuses et inspecteurs/inspectrices dans le traitement, la fabrication et l'impression",,,94,94,,"42:'Machine operators, assemblers and inspectors in processing, manufacturing and printing'",,
,,,43,"Labourers in processing, manufacturing and utilities","Manoeuvres dans la transformation, la fabrication et les services d'utilitÈ publique",,,95,95,,"43:'Labourers in processing, manufacturing and utilities'",,
,,,blank,Not applicable,Indisponible,,,,,,blank:'Not applicable',,
20,45,1,yabsent,"Reason of absence, full week","Raison d'absence, toute la semaine","Currently employed, absent from work","OccupÈ, absent du travail",,,,'YABSENT':,,"'YABSENT':{0:'Other reasons',1:'Own illness or disability',2:'Personal or family responsibilities',3:'Vacation',blank:'Not applicable'}"
,,,0,Other reasons,Autre raisons,,,,,,0:'Other reasons',"0:'Other reasons',1:'Own illness or disability',2:'Personal or family responsibilities',3:'Vacation',blank:'Not applicable'",
,,,1,Own illness or disability,Maladie ou incapacitÈ,,,,,,1:'Own illness or disability',,
,,,2,Personal or family responsibilities,Obligations personnelles ou familiales,,,,,,2:'Personal or family responsibilities',,
,,,3,Vacation,Vacances,,,,,,3:'Vacation',,
,,,blank,Not applicable,Indisponible,,,,,,blank:'Not applicable',,
21,46,2,wksaway,Number of weeks absent from work,Nombre de semaines d'absence du travail,"Currently employed, absent from work","OccupÈ, absent du travail",,,,'WKSAWAY':,,
,,,Jan-99,Weeks,Semaines,,,,,,36161:'Weeks',"36161:'Weeks',blank:'Not applicable'",
,,,blank,Not applicable,Indisponible,,,,,,blank:'Not applicable',,
22,48,1,payaway,"Paid for time off, full-week absence only","CongÈ rÈmunÈrÈ, absence de toute la semaine seulement",Employees and self-employed - incorporated only,Comprend les employÈs et les travailleurs autonomes avec entreprise constituÈe en sociÈtÈ seulement,,,,'PAYAWAY':,,"'PAYAWAY':{1:'Yes',2:'No'}"
,,,1,Yes,Oui,,,,,,1:'Yes',"1:'Yes',2:'No'",
,,,2,No,Non,,,,,,2:'No',,
,,,blank,Not applicable,Indisponible,,,,,,blank:'Not applicable',,
23,49,3,uhrsmain,Usual hours worked per week at main job,Heures habituellement travaillÈes par semaine ‡ l'emploi principal,Currently employed only,PrÈsentement occupÈ seulement ,Decimal implied,DÈcimal implicite,,'UHRSMAIN':,,
,,,001-990,Hours,Heures,,,,,,001-990:'Hours',,
,,,blank,Not applicable,Indisponible,,,,,,blank:'Not applicable',,
24,52,3,ahrsmain,Actual hours worked per week at main job,Heures effectivement travaillÈes par semaine ‡ l'emploi principal,Currently employed only,PrÈsentement occupÈ seulement ,Decimal implied,DÈcimal implicite,,'AHRSMAIN':,,
,,,000-990,Hours,Heures,,,,,,000-990:'Hours',,
,,,blank,Not applicable,Indisponible,,,,,,blank:'Not applicable',,
25,55,1,ftptmain,Full- or part-time status at main or only job,"Temps plein ou temps partiel, emp. princ. ou seul emploi ",Currently employed only,PrÈsentement occupÈ seulement,,,,'FTPTMAIN':,,"'FTPTMAIN':{1:'Full-time',2:'Part-time'}"
,,,1,Full-time,Temps plein,,,,,,1:'Full-time',"1:'Full-time',2:'Part-time'",
,,,2,Part-time,Temps partiel,,,,,,2:'Part-time',,
,,,blank,Not applicable,Indisponible,,,,,,blank:'Not applicable',,
26,56,3,utothrs,Usual hours worked per week at all jobs,Heures habituellement travaillÈes par semaine ‡ tous les emplois,Currently employed only,PrÈsentement occupÈ seulement ,Decimal implied,DÈcimal implicite,,'UTOTHRS':,,
,,,001-990,Hours,Heures,,,,,,001-990:'Hours',,
,,,blank,Not applicable,Indisponible,,,,,,blank:'Not applicable',,
27,59,3,atothrs,Actual hours worked per week at all jobs,Heures effectivement travaillÈes par semaine ‡ tous les emplois,Currently employed only,PrÈsentement occupÈ seulement ,Decimal implied,DÈcimal implicite,,'ATOTHRS':,,
,,,000-990,Hours,Heures,,,,,,000-990:'Hours',,
,,,blank,Not applicable,Indisponible,,,,,,blank:'Not applicable',,
28,62,3,hrsaway,"Hours away from work, part-week absence only","Heures d'absence du travail, absence d'une partie de la semaine seulement",Employees at work only,EmployÈs au travail seulement,Decimal implied,DÈcimal implicite,,'HRSAWAY':,,
,,,000-990,Hours,Heures,,,,,,000-990:'Hours',,
,,,blank,Not applicable,Indisponible,,,,,,blank:'Not applicable',,
29,65,1,yaway,Reason for part-week absence,Raison pour l'absence durant une partie de la semaine,Employees at work only,EmployÈs au travail seulement,Decimal implied,DÈcimal implicite,,'YAWAY':,,"'YAWAY':{0:'Other reasons',1:'Own illness or disability',2:'Personal or family responsibilities',3:'Vacation or civic holiday',4:'Working short-time'}"
,,,0,Other reasons,Autre raisons,,,,,,0:'Other reasons',"0:'Other reasons',1:'Own illness or disability',2:'Personal or family responsibilities',3:'Vacation or civic holiday',4:'Working short-time'",
,,,1,Own illness or disability,Maladie ou incapacitÈ,,,,,,1:'Own illness or disability',,
,,,2,Personal or family responsibilities,Obligations personnelles ou familiales,,,,,,2:'Personal or family responsibilities',,
,,,3,Vacation or civic holiday,Vacances ou congÈs,,,,,,3:'Vacation or civic holiday',,
,,,4,Working short-time,Travail ‡ temps rÈduit,,,,,,4:'Working short-time',,
,,,blank,Not applicable,Indisponible,,,,,,blank:'Not applicable',,
30,66,3,paidot,Paid overtime hours in reference week,Heures supplÈmentaires rÈmunÈrÈes durant la semaine de rÈfÈrence,Employees at work only,EmployÈs au travail seulement,Decimal implied,DÈcimal implicite,,'PAIDOT':,,
,,,000-990,Hours,Heures,,,,,,000-990:'Hours',,
,,,blank,Not applicable,Indisponible,,,,,,blank:'Not applicable',,
31,69,3,unpaidot,Unpaid overtime hours in reference week,Heures supplÈmentaires non rÈmunÈrÈes durant la semaine de rÈfÈrence,Employees at work only,EmployÈs au travail seulement,Decimal implied,DÈcimal implicite,,'UNPAIDOT':,,
,,,000-990,Hours,Heures,,,,,,000-990:'Hours',,
,,,blank,Not applicable,Indisponible,,,,,,blank:'Not applicable',,
32,72,3,xtrahrs,Number of overtime or extra hours worked,Nombre d'heures supplÈmentaires travaillÈes,Employees at work only,EmployÈs au travail seulement,Decimal implied,DÈcimal implicite,,'XTRAHRS':,,
,,,000-990,Hours,Heures,,,,,,000-990:'Hours',,
,,,blank,Not applicable,Indisponible,,,,,,blank:'Not applicable',,
33,76,1,whypt,Reason for part-time work,Raison pour le travail ‡ temps partiel,"Currently employed, part-time usual work hours at their main or only job was below 30 per week","OccupÈs, emplois ‡ temps partiel le nombre total díheures travaillÈes par semaine dans le cadre de leur principal ou unique emploi est infÈrieur ‡ 30",,,,'WHYPT':,,"'WHYPT':{0:'Other reasons',1:'Own illness or disability',2:'Caring for children',3:'Other personal or family responsibilities',4:'Going to school',5:'Personal preference',6:'Business conditions or could not find full-time work, looked for full-time work in last month',7:'Business conditions or could not find full-time work, did not look for full-time work in last month'}"
,,,0,Other reasons,Autre raisons,,,,,,0:'Other reasons',"0:'Other reasons',1:'Own illness or disability',2:'Caring for children',3:'Other personal or family responsibilities',4:'Going to school',5:'Personal preference',6:'Business conditions or could not find full-time work, looked for full-time work in last month',7:'Business conditions or could not find full-time work, did not look for full-time work in last month'",
,,,1,Own illness or disability,Maladie ou incapacitÈ,,,,,,1:'Own illness or disability',,
,,,2,Caring for children,Soins des enfants,,,,,,2:'Caring for children',,
,,,3,Other personal or family responsibilities,Autres obligations personnelles ou familiales,,,,,,3:'Other personal or family responsibilities',,
,,,4,Going to school,…cole,,,,,,4:'Going to school',,
,,,5,Personal preference,Choix personnel,,,,,,5:'Personal preference',,
,,,6,"Business conditions or could not find full-time work, looked for full-time work in last month","Conjoncture Èconomique ou n'a pu trouver du travail ‡ temps plein, a cherchÈ du temps plein au cours du dernier mois",,,,,,"6:'Business conditions or could not find full-time work, looked for full-time work in last month'",,
,,,7,"Business conditions or could not find full-time work, did not look for full-time work in last month","Conjoncture Èconomique ou n'a pu trouver du travail ‡ temps plein, n'a pas cherchÈ du temps plein au cours du dernier mois",,,,,,"7:'Business conditions or could not find full-time work, did not look for full-time work in last month'",,
,,,blank,Not applicable,Indisponible,,,,,,blank:'Not applicable',,
34,77,3,tenure,Job tenure with current employer,DurÈe de l'emploi avec l'employeur actuel,Currently employed only,PrÈsentement occupÈ seulement,,,,'TENURE':,,
,,,001-240,Months,Mois,,,,,,001-240:'Months',,
,,,blank,Not applicable,Indisponible,,,,,,blank:'Not applicable',,
35,80,3,prevten,Job tenure with previous employer,DurÈe de l'emploi avec l'employeur prÈcÈdent ,Not currently employed but worked in the past 12 months,PrÈsentement non occupÈ mais ‡ travaillÈ au cours des 12 derniers mois,,,,'PREVTEN':,,
,,,001-240,Months,Mois,,,,,,001-240:'Months',,
,,,blank,Not applicable,Indisponible,,,,,,blank:'Not applicable',,
36,83,6,hrlyearn,Usual hourly wages,Salaire horaire habituel,"Currently employed, employees","OccupÈs, employÈs","Before taxes and other deductions. Includes tips, commission and bonuses. Two decimals implied","Avant impÙt et autres dÈductions. Comprend les pourboires, les commissions et les primes. Deux dÈcimales implicites.",,'HRLYEARN':,,
,,,000001-999999,Current dollars,Dollares courantes,,,,,,000001-999999:'Current dollars',,
,,,blank,Not applicable,Indisponible,,,,,,blank:'Not applicable',,
37,89,1,union,Union status,Situation syndicale,"Currently employed, employees","OccupÈs, employÈs",,,,'UNION':,,"'UNION':{1:'Union member',2:'Not a member but covered by a union contract or collective agreement',3:'Non-unionized'}"
,,,1,Union member,Membre díun syndicat,,,,,,1:'Union member',"1:'Union member',2:'Not a member but covered by a union contract or collective agreement',3:'Non-unionized'",
,,,2,Not a member but covered by a union contract or collective agreement,Níest pas membre díun syndicat mais est couvert par une convention collective ou par un contrat de travail nÈgociÈ par un syndicat,,,,,,2:'Not a member but covered by a union contract or collective agreement',,
,,,3,Non-unionized,Non syndiquÈ,,,,,,3:'Non-unionized',,
,,,blank,Not applicable,Indisponible,,,,,,blank:'Not applicable',,
38,90,1,permtemp,Job permanency,La permanence de l'emploi,"Currently employed, employees","OccupÈs, employÈs",,,,'PERMTEMP':,,"'PERMTEMP':{1:'Permanent',2:'Temporary, seasonal job',3:'Temporary, term or contract job',4:'Temporary, casual or other temporary jobs'}"
,,,1,Permanent,Permanents,,,,,,1:'Permanent',"1:'Permanent',2:'Temporary, seasonal job',3:'Temporary, term or contract job',4:'Temporary, casual or other temporary jobs'",
,,,2,"Temporary, seasonal job","Temporaires, saisonniers",,,,,,"2:'Temporary, seasonal job'",,
,,,3,"Temporary, term or contract job","Temporaires, ‡ terme ou ‡ contrat",,,,,,"3:'Temporary, term or contract job'",,
,,,4,"Temporary, casual or other temporary jobs","Temporaires, occasionnels ou autres emplois temporaires",,,,,,"4:'Temporary, casual or other temporary jobs'",,
,,,blank,Not applicable,Indisponible,,,,,,blank:'Not applicable',,
39,91,1,estsize,Establishment size,Taille de líÈtablissement,"Currently employed, employees","OccupÈs, employÈs",,,,'ESTSIZE':,,"'ESTSIZE':{1:'Less than 20 employees',2:'20 to 99 employees',3:'100 to 500 employees',4:'More than 500 employees'}"
,,,1,Less than 20 employees,Moins de 20 employÈs,,,,,,1:'Less than 20 employees',"1:'Less than 20 employees',2:'20 to 99 employees',3:'100 to 500 employees',4:'More than 500 employees'",
,,,2,20 to 99 employees,20 ‡ 99 employÈs,,,,,,2:'20 to 99 employees',,
,,,3,100 to 500 employees,100 ‡ 500 employÈs,,,,,,3:'100 to 500 employees',,
,,,4,More than 500 employees,Plus de 500 employÈs,,,,,,4:'More than 500 employees',,
,,,blank,Not applicable,Indisponible,,,,,,blank:'Not applicable',,
40,92,1,firmsize,Firm size,Taille de líentreprise,"Currently employed, employees","OccupÈs, employÈs",Includes those with single location,Comprend les entreprises n'opÈrant qu'‡ un seul endroit,,'FIRMSIZE':,,"'FIRMSIZE':{1:'Less than 20 employees',2:'20 to 99 employees',3:'100 to 500 employees',4:'More than 500 employees'}"
,,,1,Less than 20 employees,Moins de 20 employÈs,,,,,,1:'Less than 20 employees',"1:'Less than 20 employees',2:'20 to 99 employees',3:'100 to 500 employees',4:'More than 500 employees'",
,,,2,20 to 99 employees,20 ‡ 99 employÈs,,,,,,2:'20 to 99 employees',,
,,,3,100 to 500 employees,100 ‡ 500 employÈs,,,,,,3:'100 to 500 employees',,
,,,4,More than 500 employees,Plus de 500 employÈs,,,,,,4:'More than 500 employees',,
,,,blank,Not applicable,Indisponible,,,,,,blank:'Not applicable',,
41,93,2,durunemp,Duration of unemployment,DurÈe du chÙmage,Unemployed temporary layoffs and job searchers only,"Au chÙmage, mises ‡ pied temporaires et chercheurs seulement",,,,'DURUNEMP':,,
,,,01-99,Weeks,Semaines,,,,,,01-99:'Weeks',,
,,,blank,Not applicable,Indisponible,,,,,,blank:'Not applicable',,
42,95,1,flowunem,Flows into unemployment,Flux d'entrÈe en chÙmage,Currently unemployed,Au chÙmage,,,,'FLOWUNEM':,,"'FLOWUNEM':{1:'Job losers, temporary layoff',2:'Job losers, permanent layoff',3:'Job leavers',4:'Job leavers/losers (status unknown), worked more than 1 year ago ',5:'New entrants',6:'Re-entrants, worked 1 year ago or less',7:'Re-entrants, worked more than 1 year ago',8:'Future starts'}"
,,,1,"Job losers, temporary layoff","Ont perdu leur emploi, mise ‡ pied temporaire",,,,,,"1:'Job losers, temporary layoff'","1:'Job losers, temporary layoff',2:'Job losers, permanent layoff',3:'Job leavers',4:'Job leavers/losers (status unknown), worked more than 1 year ago ',5:'New entrants',6:'Re-entrants, worked 1 year ago or less',7:'Re-entrants, worked more than 1 year ago',8:'Future starts'",
,,,2,"Job losers, permanent layoff","Ont perdu leur emploi, mise ‡ pied permanente",,,,,,"2:'Job losers, permanent layoff'",,
,,,3,Job leavers,Ont quittÈ leur emploi,,,,,,3:'Job leavers',,
,,,4,"Job leavers/losers (status unknown), worked more than 1 year ago ","Ont perdu/quittÈ leur emploi (statut inconnu), ont travaillÈ il y a plus d'un an",,,,,,"4:'Job leavers/losers (status unknown), worked more than 1 year ago '",,
,,,5,New entrants,Nouveaux entrants,,,,,,5:'New entrants',,
,,,6,"Re-entrants, worked 1 year ago or less","Rentrants, ont travaillÈ il y a un an ou moins",,,,,,"6:'Re-entrants, worked 1 year ago or less'",,
,,,7,"Re-entrants, worked more than 1 year ago","Rentrants, ont travaillÈ il y a plus d'un an ",,,,,,"7:'Re-entrants, worked more than 1 year ago'",,
,,,8,Future starts,Emploi devant commencer ‡ une date future,,,,,,8:'Future starts',,
,,,blank,Not applicable,Indisponible,,,,,,blank:'Not applicable',,
43,96,1,unemftpt,Job seekers by type of work sought and temporary layoffs by work status of last job,Personnes ‡ la recherche díun emploi†: type díemploi cherchÈ; mises ‡ pied temporaire†: la situation applicable relativement ‡ líemploi prÈcÈdent,Currently unemployed,Au chÙmage,Not known for future starts,Inconnu pour emploi devant commencer ‡ une date future,,'UNEMFTPT':,,"'UNEMFTPT':{1:'Full-time',2:'Part-time',3:'Future starts'}"
,,,1,Full-time,Temps plein,,,,,,1:'Full-time',"1:'Full-time',2:'Part-time',3:'Future starts'",
,,,2,Part-time,Temps partiel,,,,,,2:'Part-time',,
,,,3,Future starts,Emploi devant commencer ‡ une date future,,,,,,3:'Future starts',,
,,,blank,Not applicable,Indisponible,,,,,,blank:'Not applicable',,
44,97,1,whylefto,Reason for leaving job during previous year ,Raisons pour avoir quittÈ l'emploi durant l'annÈe prÈcÈdente,Not currently employed but worked within the previous twelve months,Pas actuellement en emploi mais a travaillÈ au cours des douze derniers mois,Links pre-and post 1997 redesign,Relie l'avant et l'aprËs remaniement de 1997,,'WHYLEFTO':,,"'WHYLEFTO':{0:'Job leavers, other reasons',1:'Job leavers, own illness or disability',2:'Job leavers, personal or family responsibilities',3:'Job leavers, going to school',4:'Job losers, laid off',5:'Job leavers, retired'}"
,,,0,"Job leavers, other reasons","Ont quittÈ leur emploi, autres raisons",,,,,,"0:'Job leavers, other reasons'","0:'Job leavers, other reasons',1:'Job leavers, own illness or disability',2:'Job leavers, personal or family responsibilities',3:'Job leavers, going to school',4:'Job losers, laid off',5:'Job leavers, retired'",
,,,1,"Job leavers, own illness or disability","Ont quittÈ leur emploi, maladie ou incapacitÈ",,,,,,"1:'Job leavers, own illness or disability'",,
,,,2,"Job leavers, personal or family responsibilities","Ont quittÈ leur emploi, obligations personnelles ou familiales",,,,,,"2:'Job leavers, personal or family responsibilities'",,
,,,3,"Job leavers, going to school","Ont quittÈ leur emploi, vont ‡ l'Ècole",,,,,,"3:'Job leavers, going to school'",,
,,,4,"Job losers, laid off","Ont perdu leur emploi, mis ‡ pied",,,,,,"4:'Job losers, laid off'",,
,,,5,"Job leavers, retired","Ont quittÈ leur emploi, ont pris leur retraite",,,,,,"5:'Job leavers, retired'",,
,,,blank,Not applicable,Indisponible,,,,,,blank:'Not applicable',,
45,98,2,whyleftn,Reason for leaving job during previous year ,Raisons pour avoir quittÈ l'emploi durant l'annÈe prÈcÈdente,Not currently employed but worked within the previous twelve months,Pas actuellement en emploi mais a travaillÈ au cours des douze derniers mois,,,,'WHYLEFTN':,,"'WHYLEFTN':{0:'Job leavers, other reasons',1:'Job leavers, own illness or disability',2:'Job leavers, caring for children',3:'Job leavers, pregnancy',4:'Job leavers, personal or family responsibilities',5:'Job leavers, going to school',6:'Job leavers, dissatisfied',7:'Job leavers, retired',8:'Job leavers, business sold or closed down (self-employed)',9:'Job losers, end of seasonal job (employee)',10:'Job losers, end of temporary or casual (employee)',11:'Job losers, company moved or out of business (employee)',12:'Job losers, business conditions (employee)',13:'Job losers, dismissal or other reasons'}"
,,,0,"Job leavers, other reasons","Ont quittÈ leur emploi, autres raisons",,,,,,"0:'Job leavers, other reasons'","0:'Job leavers, other reasons',1:'Job leavers, own illness or disability',2:'Job leavers, caring for children',3:'Job leavers, pregnancy',4:'Job leavers, personal or family responsibilities',5:'Job leavers, going to school',6:'Job leavers, dissatisfied',7:'Job leavers, retired',8:'Job leavers, business sold or closed down (self-employed)',9:'Job losers, end of seasonal job (employee)',10:'Job losers, end of temporary or casual (employee)',11:'Job losers, company moved or out of business (employee)',12:'Job losers, business conditions (employee)',13:'Job losers, dismissal or other reasons'",
,,,1,"Job leavers, own illness or disability","Ont quittÈ leur emploi, maladie ou incapacitÈ",,,,,,"1:'Job leavers, own illness or disability'",,
,,,2,"Job leavers, caring for children","Ont quittÈ leur emploi, soins des enfants",,,,,,"2:'Job leavers, caring for children'",,
,,,3,"Job leavers, pregnancy","Ont quittÈ leur emploi, sont enceintes",,,,,,"3:'Job leavers, pregnancy'",,
,,,4,"Job leavers, personal or family responsibilities","Ont quittÈ leur emploi, obligations personnelles ou familiales",,,,,,"4:'Job leavers, personal or family responsibilities'",,
,,,5,"Job leavers, going to school","Ont quittÈ leur emploi, vont ‡ l'Ècole",,,,,,"5:'Job leavers, going to school'",,
,,,6,"Job leavers, dissatisfied","Ont quittÈ leur emploi, insatisfaction",,,,,,"6:'Job leavers, dissatisfied'",,
,,,7,"Job leavers, retired","Ont quittÈ leur emploi, ont pris leur retraite",,,,,,"7:'Job leavers, retired'",,
,,,8,"Job leavers, business sold or closed down (self-employed)","Ont quittÈ leur emploi, ont vendu ou fermÈ l'entreprise (travailleurs autonomes)",,,,,,"8:'Job leavers, business sold or closed down (self-employed)'",,
,,,9,"Job losers, end of seasonal job (employee)","Ont perdu leur emploi, fin de l'emploi saisonnier (employÈs)",,,,,,"9:'Job losers, end of seasonal job (employee)'",,
,,,10,"Job losers, end of temporary or casual (employee)","Ont perdu leur emploi, fin de l'emploi temporaire ou occasionnel (employÈs)",,,,,,"10:'Job losers, end of temporary or casual (employee)'",,
,,,11,"Job losers, company moved or out of business (employee)","Ont perdu leur emploi, l'entreprise a dÈmÈnagÈ ou a fermÈ (employÈs)",,,,,,"11:'Job losers, company moved or out of business (employee)'",,
,,,12,"Job losers, business conditions (employee)","Ont perdu leur emploi, conjoncture Èconomique (employÈs)",,,,,,"12:'Job losers, business conditions (employee)'",,
,,,13,"Job losers, dismissal or other reasons","Ont perdu leur emploi, congÈdiement ou autres raisons",,,,,,"13:'Job losers, dismissal or other reasons'",,
,,,blank,Not applicable,Indisponible,,,,,,blank:'Not applicable',,
46,100,3,durjless,Duration of joblessness,DurÈe de la pÈriode sans emploi,Not currently employed but worked at some time in the past,"Pas actuellement en emploi, mais a dÈj‡ travaillÈ",,,,'DURJLESS':,,
,,,001-240,Months,Mois,,,,,,001-240:'Months',,
,,,blank,Not applicable,Indisponible,,,,,,blank:'Not applicable',,
47,103,1,availabl,Availability during the reference week,DisponibilitÈ durant la semaine de rÈfÈrence,"Temporary layoffs, job searchers and future starts, and those who wanted work but did not look because believes no suitable work available","Mises ‡ pied temporaires, chercheurs et emplois devant commencer ‡ une date future, personnes qui voulaient travailler mais ne cherchaient pas parce quíelles croyaient quíaucun travail adÈquat níÈtait disponible",,,,'AVAILABL':,,
,,,1,Not available,Non disponible,,,,,,1:'Not available',"1:'Not available',2:'Yes, available'",
,,,2,"Yes, available","Oui, disponible",,,,,,"2:'Yes, available'",,
,,,blank,Not applicable,Indisponible,,,,,,blank:'Not applicable',,
48,104,1,lkpubag,"Unemployed, used public employment agency","ChÙmeurs, recherche par l'entremise d'une agence de placement publique","Currently unemployed, job searchers ","Actuellement en chÙmage, personnes ‡ la recherche díun emploi ",,,,'LKPUBAG':,,
,,,1,Yes,Oui,,,,,,1:'Yes',1:'Yes',
,,,blank,Not applicable,Indisponible,,,,,,blank:'Not applicable',,
49,105,1,lkemploy,"Unemployed, checked with employers directly","ChÙmeurs, recherche directement auprËs des employeurs","Currently unemployed, job searchers ","Actuellement en chÙmage, personnes ‡ la recherche díun emploi ",,,,'LKEMPLOY':,,
,,,1,Yes,Oui,,,,,,1:'Yes',1:'Yes',
,,,blank,Not applicable,Indisponible,,,,,,blank:'Not applicable',,
50,106,1,lkrels,"Unemployed, checked with friends or relatives","ChÙmeurs, recherche auprËs d'amis ou de parents","Currently unemployed, job searchers ","Actuellement en chÙmage, personnes ‡ la recherche díun emploi ",,,,'LKRELS':,,
,,,1,Yes,Oui,,,,,,1:'Yes',1:'Yes',
,,,blank,Not applicable,Indisponible,,,,,,blank:'Not applicable',,
51,107,1,lkatads,"Unemployed, looked at job ads","ChÙmeurs, consultation des annonces d'offres d'emploi","Currently unemployed, job searchers ","Actuellement en chÙmage, personnes ‡ la recherche díun emploi ",,,,'LKATADS':,,
,,,1,Yes,Oui,,,,,,1:'Yes',1:'Yes',
,,,blank,Not applicable,Indisponible,,,,,,blank:'Not applicable',,
52,108,1,lkansads,"Unemployed, placed or answered ads","ChÙmeurs, placement d'une annonce ou rÈponse ‡ une offre d'emploi","Currently unemployed, job searchers ","Actuellement en chÙmage, personnes ‡ la recherche díun emploi ",,,,'LKANSADS':,,
,,,1,Yes,Oui,,,,,,1:'Yes',1:'Yes',
,,,blank,Not applicable,Indisponible,,,,,,blank:'Not applicable',,
53,109,1,lkothern ,"Unemployed, other methods","ChÙmeurs, autres mÈthodes","Currently unemployed, job searchers ","Actuellement en chÙmage, personnes ‡ la recherche díun emploi ",,,,'LKOTHERN ':,,
,,,1,Yes,Oui,,,,,,1:'Yes',1:'Yes',
,,,blank,Not applicable,Indisponible,,,,,,blank:'Not applicable',,
54,110,1,prioract,Main activity before started looking for work,ActivitÈ principale avant de commencer ‡ chercher du travail,"Currently unemployed, job searchers ","Actuellement en chÙmage, personnes ‡ la recherche díun emploi ",,,,'PRIORACT':,,"'PRIORACT':{0:'Other',1:'Working',2:'Managing a home',3:'Going to school'}"
,,,0,Other,Autre,,,,,,0:'Other',"0:'Other',1:'Working',2:'Managing a home',3:'Going to school'",
,,,1,Working,Travaillaient,,,,,,1:'Working',,
,,,2,Managing a home,Tenaient maison,,,,,,2:'Managing a home',,
,,,3,Going to school,Allaient ‡ l'Ècole,,,,,,3:'Going to school',,
,,,blank,Not applicable,Indisponible,,,,,,blank:'Not applicable',,
55,112,1,ynolook,Reason for not looking for work during the reference week,Raisons pour ne pas chercher d'emploi durant la semaine de rÈfÈrence,Persons not in the labour force who say they wanted a job in the reference week,Inactifs qui ont dit vouloir un emploi durant la semaine de rÈfÈrence,,,,'YNOLOOK':,,"'YNOLOOK':{0:'Wanted work, reason - other',1:'Wanted work, reason - own illness or disability',2:'Wanted work, reason - caring for children',3:'Wanted work, reason - other personal or family responsibilities',4:'Wanted work, reason - school',5:'Wanted work, reason - awaiting recall or reply',6:'Wanted work, reason - discouraged'}"
,,,0,"Wanted work, reason - other","Voulaient travailler, raison - autres",,,,,,"0:'Wanted work, reason - other'","0:'Wanted work, reason - other',1:'Wanted work, reason - own illness or disability',2:'Wanted work, reason - caring for children',3:'Wanted work, reason - other personal or family responsibilities',4:'Wanted work, reason - school',5:'Wanted work, reason - awaiting recall or reply',6:'Wanted work, reason - discouraged'",
,,,1,"Wanted work, reason - own illness or disability","Voulaient travailler, raison - maladie ou incapacitÈ",,,,,,"1:'Wanted work, reason - own illness or disability'",,
,,,2,"Wanted work, reason - caring for children","Voulaient travailler, raison - soins des enfants",,,,,,"2:'Wanted work, reason - caring for children'",,
,,,3,"Wanted work, reason - other personal or family responsibilities","Voulaient travailler, raison - autres obligations personnelles ou familiales",,,,,,"3:'Wanted work, reason - other personal or family responsibilities'",,
,,,4,"Wanted work, reason - school","Voulaient travailler, raison - Ècole",,,,,,"4:'Wanted work, reason - school'",,
,,,5,"Wanted work, reason - awaiting recall or reply","Voulaient travailler, raison - en attente d'un appel ou rÈponse",,,,,,"5:'Wanted work, reason - awaiting recall or reply'",,
,,,6,"Wanted work, reason - discouraged","Voulaient travailler, raison - dÈcouragÈs",,,,,,"6:'Wanted work, reason - discouraged'",,
,,,blank,Not applicable,Indisponible,,,,,,blank:'Not applicable',,
56,113,1,tlolook,"Temporary layoff, looked for work during the last four weeks","Mise ‡ pied temporaire, personnes qui avaient cherchÈ du travail durant les quatre derniËres semaines","Currently unemployed, temporary layoffs","Au chÙmage, mises ‡ pied temporaires",,,,'TLOLOOK':,,
,,,1,Yes,Oui,,,,,,1:'Yes',"1:'Yes',2:'No'",
,,,2,No,Non,,,,,,2:'No',,
,,,blank,Not applicable,Indisponible,,,,,,blank:'Not applicable',,
57,114,1,schooln,Current student status,Statut d'Ètudiant actuel ,Respondents aged 15 to 64 years,Les rÈpondants ‚gÈs de 15 ‡ 64†ans ,,,,'SCHOOLN':,,"'SCHOOLN':{1:'Non-student',2:'Full-time student',3:'Part-time student'}"
,,,1,Non-student,Non-Ètudiants,,,,,,1:'Non-student',"1:'Non-student',2:'Full-time student',3:'Part-time student'",
,,,2,Full-time student,…tudiants ‡ temps plein,,,,,,2:'Full-time student',,
,,,3,Part-time student,…tudiants ‡ temps partiel,,,,,,3:'Part-time student',,
,,,blank,Not applicable,Indisponible,,,,,,blank:'Not applicable',,
58,116,2,efamtype,Type of economic family,Genre de famille Èconomique,All respondents,Tous les rÈpondantes,From viewpoint of reference person,Du point de vue de la personne de rÈfÈrence,,'EFAMTYPE':,,"'EFAMTYPE':{1:'Person not in an economic family',2:'Dual-earner couple, no children or none under 25',3:'Dual-earner couple, youngest child 0 to 17',4:'Dual-earner couple, youngest child 18 to 24',5:'Single-earner couple, male employed, no children or none under 25',6:'Single-earner couple, male employed, youngest child 0 to 17',7:'Single-earner couple, male employed, youngest child 18 to 24',8:'Single-earner couple, female employed, no children or none under 25',9:'Single-earner couple, female employed, youngest child 0 to 17',10:'Single-earner couple, female employed, youngest child 18 to 24',11:'Non-earner couple, no children or none under 25',12:'Non-earner couple, youngest child 0 to 17',13:'Non-earner couple, youngest child 18 to 24',14:'Lone-parent family, parent employed, youngest child 0 to 17',15:'Lone-parent family, parent employed, youngest child 18 to 24',16:'Lone-parent family, parent not employed, youngest child 0 to 17',17:'Lone-parent family, parent not employed, youngest child 18 to 24',18:'Other families'}"
,,,1,Person not in an economic family,Personne hors famille Èconomique,,,,,,1:'Person not in an economic family',"1:'Person not in an economic family',2:'Dual-earner couple, no children or none under 25',3:'Dual-earner couple, youngest child 0 to 17',4:'Dual-earner couple, youngest child 18 to 24',5:'Single-earner couple, male employed, no children or none under 25',6:'Single-earner couple, male employed, youngest child 0 to 17',7:'Single-earner couple, male employed, youngest child 18 to 24',8:'Single-earner couple, female employed, no children or none under 25',9:'Single-earner couple, female employed, youngest child 0 to 17',10:'Single-earner couple, female employed, youngest child 18 to 24',11:'Non-earner couple, no children or none under 25',12:'Non-earner couple, youngest child 0 to 17',13:'Non-earner couple, youngest child 18 to 24',14:'Lone-parent family, parent employed, youngest child 0 to 17',15:'Lone-parent family, parent employed, youngest child 18 to 24',16:'Lone-parent family, parent not employed, youngest child 0 to 17',17:'Lone-parent family, parent not employed, youngest child 18 to 24',18:'Other families'",
,,,2,"Dual-earner couple, no children or none under 25","Famille comptant un couple avec deux soutiens, pas díenfant ou aucun enfant de moins de 25†ans",,,,,,"2:'Dual-earner couple, no children or none under 25'",,
,,,3,"Dual-earner couple, youngest child 0 to 17","Famille compant un couple avec deux soutiens, dont le plus jeune enfant a entre 0 et 17 ans",,,,,,"3:'Dual-earner couple, youngest child 0 to 17'",,
,,,4,"Dual-earner couple, youngest child 18 to 24","Famille compant un couple avec deux soutiens, dont le plus jeune enfant a entre 18 et 24 ans",,,,,,"4:'Dual-earner couple, youngest child 18 to 24'",,
,,,5,"Single-earner couple, male employed, no children or none under 25","Famille comptant un couple avec un homme comme soutien, pas díenfant ou aucun enfant de moins de 25†ans",,,,,,"5:'Single-earner couple, male employed, no children or none under 25'",,
,,,6,"Single-earner couple, male employed, youngest child 0 to 17","Famille comptant un couple avec un homme comme soutien, dont le plus jeune enfant a entre 0 et 17 ans",,,,,,"6:'Single-earner couple, male employed, youngest child 0 to 17'",,
,,,7,"Single-earner couple, male employed, youngest child 18 to 24","Famille comptant un couple avec un homme comme soutien, dont le plus jeune enfant a entre18 et 24 ans",,,,,,"7:'Single-earner couple, male employed, youngest child 18 to 24'",,
,,,8,"Single-earner couple, female employed, no children or none under 25","Famille comptant un couple avec une femme comme soutien, pas díenfant ou aucun enfant de moins de 25†ans",,,,,,"8:'Single-earner couple, female employed, no children or none under 25'",,
,,,9,"Single-earner couple, female employed, youngest child 0 to 17","Famille comptant un couple avec une femme comme soutien, dont le plus jeune enfant a entre 0 et 17 ans",,,,,,"9:'Single-earner couple, female employed, youngest child 0 to 17'",,
,,,10,"Single-earner couple, female employed, youngest child 18 to 24","Famille comptant un couple avec une femme comme soutien, dont le plus jeune enfant a entre18 et 24 ans",,,,,,"10:'Single-earner couple, female employed, youngest child 18 to 24'",,
,,,11,"Non-earner couple, no children or none under 25","Famille comptant un couple sans soutien, pas díenfant ou aucun enfant de moins de 25†ans",,,,,,"11:'Non-earner couple, no children or none under 25'",,
,,,12,"Non-earner couple, youngest child 0 to 17","Famille comptant un couple sans soutien, dont le plus jeune enfant a entre 0 et 17 ans",,,,,,"12:'Non-earner couple, youngest child 0 to 17'",,
,,,13,"Non-earner couple, youngest child 18 to 24","Famille comptant un couple sans soutien, dont le plus jeune enfant a entre 18 et 24 ans",,,,,,"13:'Non-earner couple, youngest child 18 to 24'",,
,,,14,"Lone-parent family, parent employed, youngest child 0 to 17","Famille monoparentale, le parent travaille, dont le plus jeune enfant a entre 0 et 17 ans",,,,,,"14:'Lone-parent family, parent employed, youngest child 0 to 17'",,
,,,15,"Lone-parent family, parent employed, youngest child 18 to 24","Famille monoparentale, le parent travaille, dont le plus jeune enfant a entre 18 et 24 ans",,,,,,"15:'Lone-parent family, parent employed, youngest child 18 to 24'",,
,,,16,"Lone-parent family, parent not employed, youngest child 0 to 17","Famille monoparentale, le parent ne travaille pas, dont le plus jeune enfant a entre 0 et 17 ans",,,,,,"16:'Lone-parent family, parent not employed, youngest child 0 to 17'",,
,,,17,"Lone-parent family, parent not employed, youngest child 18 to 24","Famille monoparentale, le parent ne travaille pas, dont le plus jeune enfant a entre 18 et 24 ans",,,,,,"17:'Lone-parent family, parent not employed, youngest child 18 to 24'",,
,,,18,Other families,Autres Familles,,,,,,18:'Other families',,
59,132,1,agyownk,Age of youngest child,Lí‚ge du plus jeune enfant,Parents only,Parents seulement,,,,'AGYOWNK':,,"'AGYOWNK':{1:'Youngest child less than 6 years',2:'Youngest child 6 to 12 years',3:'Youngest child 13 to 17 years',4:'Youngest child 18 to 24 years'}"
,,,1,Youngest child less than 6 years,Plus jeune enfant de moins de 6 ans,,,,,,1:'Youngest child less than 6 years',"1:'Youngest child less than 6 years',2:'Youngest child 6 to 12 years',3:'Youngest child 13 to 17 years',4:'Youngest child 18 to 24 years'",
,,,2,Youngest child 6 to 12 years,Plus jeune enfant de 6 ‡ 12 ans,,,,,,2:'Youngest child 6 to 12 years',,
,,,3,Youngest child 13 to 17 years,Plus jeune enfant de 13 ‡ 17 ans,,,,,,3:'Youngest child 13 to 17 years',,
,,,4,Youngest child 18 to 24 years,Plus jeune enfant de 18 ‡ 24 ans,,,,,,4:'Youngest child 18 to 24 years',,
,,,blank,Not applicable,Indisponible,,,,,,blank:'Not applicable',,
60,134,5,finalwt,Standard final weight,Le poids final standard,All respondents,Tous les rÈpondantes,,,,'FINALWT':,,
,,,1-99999,,,,,,,,1-99999:'',,